<?xml version="1.0" encoding="UTF-8"?>
<beans
 xmlns="http://www.springframework.org/schema/beans"
 xmlns:xsi="http://www.w3.org/2001/XMLSchema-instance"
 xsi:schemaLocation="http://www.springframework.org/schema/beans 
 http://www.springframework.org/schema/beans/spring-beans-2.5.xsd ">
<!--memcached 客户端***start-->
<bean id="memcachedPool" class="com.danga.MemCached.SockIOPool" factory-method="getInstance" init-method="initialize" destroy-method="shutDown">
    <constructor-arg>
        <value>neeaMemcachedPool</value>
    </constructor-arg>
    <property name="servers">
        <list>
            <value>192.168.54.207:12345</value>
            <!--多服务器
             <value>
                192.168.54.207:12346
            </value>
            -->
        </list>
    </property>
	<!--多服务器负载均衡-->
	<!--<property name="weights">
		<value>5,5</value>
	</property>-->
    <property name="initConn">
        <value>20</value>
    </property>
    <property name="minConn">
        <value>10</value>
    </property>
    <property name="maxConn">
        <value>500</value>
    </property>
    <property name="maintSleep">
        <value>30</value>
    </property>
    <property name="nagle">
        <value>false</value>
    </property>
    <property name="maxIdle">
        <value>6000</value>
    </property>
    <property name="socketTO">
        <value>3000</value>
    </property>
</bean>

<!--memcached client-->
<bean id="memcachedClient" class="com.danga.MemCached.MemCachedClient">
    <constructor-arg>
        <value>neeaMemcachedPool</value>
    </constructor-arg>
    <property name="compressEnable">
        <value>true</value>
    </property>
    <property name="compressThreshold">
        <value>4096</value>
    </property>
</bean>
<!--memcached 客户端***end-->

<!--如果换客户端或者换缓存了，修改这里即可-->
<bean id="cache" class="com.onewaveinc.kanmenzhu.impl.CacheClientImpl">
	<property name="cacheProvider" ref="memcachedClient"/>
</bean>

</beans>
