<?xml version="1.0" encoding="UTF-8"?>
<beans
 xmlns="http://www.springframework.org/schema/beans"
 xmlns:xsi="http://www.w3.org/2001/XMLSchema-instance"
 xsi:schemaLocation="http://www.springframework.org/schema/beans 
 http://www.springframework.org/schema/beans/spring-beans-2.5.xsd ">

<!--configuration for xmemcached client ***start-->
<bean id="xmemcachedClient" class="net.rubyeye.xmemcached.utils.XMemcachedClientFactoryBean">
    <property name="servers">
        <value>192.168.54.207:12345</value>
		<!--host2:port2 host3:port3-->
    </property>
	<!--
    <property name="weights">
        <list>
            <value>1</value>
            <value>2</value>
            <value>3</value>
        </list>
    </property>
	-->
	<property name="connectionPoolSize" value="2"></property> 
	<!-- Use binary protocol,default is TextCommandFactory --> 
	<!--<property name="commandFactory"> 
		<bean class="net.rubyeye.xmemcached.command.BinaryCommandFactory"></bean> 
	</property> -->
    <property name="sessionLocator">
        <bean class="net.rubyeye.xmemcached.impl.KetamaMemcachedSessionLocator">
        </bean>
    </property>
    <property name="transcoder">
        <bean class="net.rubyeye.xmemcached.transcoders.SerializingTranscoder"/>
    </property>
    <property name="bufferAllocator">
        <bean class="net.rubyeye.xmemcached.buffer.SimpleBufferAllocator">
        </bean>
    </property>
</bean>
<!--configuration for xmemcached client ***end-->
<bean id="cache" class="com.kanmenzhu.impl.CacheClientXmemcachedImpl">
    <property name="cacheProvider" ref="xmemcachedClient"/>
</bean>

</beans>
